dataset,accuracy,f1
crosscheck,0.530896586338385,0.5162244555720767
studentlife,0.8223080976088568,0.7716952113883043
combined,0.27355462924809276,0.23570880331276303
